RMD_desc,RMD,JPS_desc,JPS,JPA_desc,JPA,JF,density_t_m3,RDI,youngs_GPa,UCS_MPa,HF,rock_factor_A
massive,50,<0.1m,10,dip_out_of_face,20,30,2.94,23.5,29.6,52.1,9.87,6.802
powdery_friable,10,oversize_to_pattern,50,dip_into_face,40,90,3.09,27.25,17.0,117.0,5.67,7.975
powdery_friable,10,<0.1m,10,dip_out_of_face,20,30,2.43,10.75,58.2,149.1,29.82,4.834
massive,50,oversize_to_pattern,50,dip_into_face,40,90,2.74,18.5,27.6,155.5,9.2,10.062
powdery_friable,10,<0.1m,10,dip_into_face,40,50,2.62,15.5,32.2,69.5,10.73,5.174
blocky_jointed,30,<0.1m,10,dip_out_of_face,20,30,2.58,14.5,38.7,99.1,12.9,5.244
blocky_jointed,50,<0.1m,10,dip_into_face,40,50,2.66,16.5,20.0,232.1,6.67,7.39
powdery_friable,10,oversize_to_pattern,50,strike_perpendicular,30,80,3.03,25.75,59.5,218.2,43.64,9.563
massive,50,<0.1m,10,dip_into_face,40,50,2.27,6.75,62.9,197.8,39.56,8.779
powdery_friable,10,<0.1m,10,dip_out_of_face,20,30,2.58,14.5,46.3,211.8,15.43,4.196
powdery_friable,10,0.1m_to_oversize,20,strike_perpendicular,30,50,2.41,10.25,31.4,235.4,10.47,4.843
massive,50,<0.1m,10,dip_into_face,40,50,2.83,20.75,52.7,76.3,15.26,8.161
blocky_jointed,50,0.1m_to_oversize,20,strike_perpendicular,30,50,3.19,29.75,61.2,148.1,29.62,9.562
massive,50,0.1m_to_oversize,20,dip_out_of_face,20,40,2.43,10.75,12.6,92.6,4.2,6.297
blocky_jointed,30,<0.1m,10,dip_out_of_face,20,30,3.11,27.75,55.4,185.1,37.02,7.486
powdery_friable,10,oversize_to_pattern,50,strike_perpendicular,30,80,2.6,15.0,83.2,125.5,25.1,7.806
blocky_jointed,30,<0.1m,10,dip_out_of_face,20,30,2.94,23.5,53.1,191.8,38.36,7.312
blocky_jointed,80,oversize_to_pattern,50,strike_perpendicular,30,80,2.56,14.0,89.8,51.8,10.36,11.062
blocky_jointed,30,<0.1m,10,dip_out_of_face,20,30,3.06,26.5,22.2,56.8,7.4,5.634
massive,50,0.1m_to_oversize,20,dip_into_face,40,60,2.26,6.5,40.5,249.1,13.5,7.8
massive,50,0.1m_to_oversize,20,dip_into_face,40,60,3.06,26.5,10.9,185.8,3.63,8.408
massive,50,oversize_to_pattern,50,strike_perpendicular,30,80,2.97,24.25,37.2,87.5,12.4,9.999
powdery_friable,10,0.1m_to_oversize,20,dip_out_of_face,20,40,3.15,28.75,80.1,80.6,16.12,5.692
massive,50,<0.1m,10,dip_into_face,40,50,3.11,27.75,79.6,88.6,17.72,8.728
massive,50,oversize_to_pattern,50,dip_into_face,40,90,2.4,10.0,39.9,57.2,13.3,9.798
massive,50,<0.1m,10,dip_into_face,40,50,2.52,13.0,11.6,233.7,3.87,7.012
blocky_jointed,30,<0.1m,10,dip_out_of_face,20,30,2.44,11.0,55.4,38.1,7.62,4.717
massive,50,0.1m_to_oversize,20,dip_out_of_face,20,40,3.18,29.5,52.6,48.9,9.78,7.757
massive,50,0.1m_to_oversize,20,dip_into_face,40,60,2.37,9.25,52.2,159.5,31.9,9.069
powdery_friable,10,oversize_to_pattern,50,dip_into_face,40,90,2.89,22.25,67.0,111.8,22.36,8.677
massive,50,oversize_to_pattern,50,strike_perpendicular,30,80,2.64,16.0,51.4,47.8,9.56,9.334
powdery_friable,10,<0.1m,10,strike_perpendicular,30,40,2.22,5.5,54.3,155.3,31.06,5.194
powdery_friable,10,<0.1m,10,dip_into_face,40,50,2.83,20.75,28.3,228.2,9.43,5.411
blocky_jointed,50,<0.1m,10,dip_into_face,40,50,2.44,11.0,63.5,69.3,13.86,7.492
powdery_friable,10,oversize_to_pattern,50,dip_into_face,40,90,2.78,19.5,29.4,128.8,9.8,7.758
blocky_jointed,30,<0.1m,10,dip_out_of_face,20,30,2.3,7.5,44.5,117.4,14.83,4.94
blocky_jointed,70,oversize_to_pattern,50,dip_out_of_face,20,70,2.87,21.75,88.7,42.6,8.52,10.216
blocky_jointed,80,oversize_to_pattern,50,strike_perpendicular,30,80,3.0,25.0,18.7,64.1,6.23,11.474
massive,50,0.1m_to_oversize,20,dip_out_of_face,20,40,2.62,15.5,32.3,77.5,10.77,6.976
powdery_friable,10,0.1m_to_oversize,20,dip_into_face,40,60,2.3,7.5,62.2,144.3,28.86,6.382
powdery_friable,10,<0.1m,10,dip_out_of_face,20,30,2.37,9.25,48.9,69.2,16.3,3.933
blocky_jointed,30,<0.1m,10,dip_out_of_face,20,30,2.58,14.5,88.8,81.0,16.2,5.442
blocky_jointed,50,0.1m_to_oversize,20,strike_perpendicular,30,50,2.9,22.5,68.4,200.2,40.04,9.752
massive,50,oversize_to_pattern,50,strike_perpendicular,30,80,2.35,8.75,33.7,242.8,11.23,8.999
massive,50,oversize_to_pattern,50,dip_into_face,40,90,2.26,6.5,35.1,31.5,11.7,9.492
blocky_jointed,90,oversize_to_pattern,50,dip_into_face,40,90,2.36,9.0,86.9,38.4,7.68,11.801
powdery_friable,10,<0.1m,10,dip_into_face,40,50,2.27,6.75,78.9,112.9,22.58,5.36
massive,50,<0.1m,10,dip_into_face,40,50,2.79,19.75,59.6,116.4,23.28,8.582
massive,50,oversize_to_pattern,50,dip_into_face,40,90,2.52,13.0,30.9,174.0,10.3,9.798
blocky_jointed,40,<0.1m,10,strike_perpendicular,30,40,2.6,15.0,63.7,89.0,17.8,6.768
blocky_jointed,30,<0.1m,10,dip_out_of_face,20,30,2.66,16.5,89.9,249.1,49.82,7.579
powdery_friable,10,oversize_to_pattern,50,dip_out_of_face,20,70,2.71,17.75,20.6,100.3,6.87,6.277
powdery_friable,10,<0.1m,10,strike_perpendicular,30,40,2.48,12.0,45.1,144.9,15.03,4.622
blocky_jointed,90,oversize_to_pattern,50,dip_into_face,40,90,2.73,18.25,63.4,147.6,29.52,13.666
massive,50,<0.1m,10,dip_out_of_face,20,30,2.46,11.5,81.2,190.8,38.16,7.78
powdery_friable,10,0.1m_to_oversize,20,strike_perpendicular,30,50,2.8,20.0,67.4,66.8,13.36,5.602
massive,50,0.1m_to_oversize,20,dip_into_face,40,60,2.69,17.25,82.4,214.6,42.92,10.21
powdery_friable,10,oversize_to_pattern,50,strike_perpendicular,30,80,3.03,25.75,13.5,96.7,4.5,7.215
powdery_friable,10,oversize_to_pattern,50,strike_perpendicular,30,80,2.36,9.0,45.3,182.3,15.1,6.846
massive,50,<0.1m,10,dip_out_of_face,20,30,2.28,7.0,80.6,227.9,45.58,7.955
massive,50,<0.1m,10,strike_perpendicular,30,40,2.78,19.5,21.8,49.3,7.27,7.006
blocky_jointed,40,0.1m_to_oversize,20,dip_out_of_face,20,40,3.1,27.5,26.8,77.4,8.93,6.986
powdery_friable,10,0.1m_to_oversize,20,dip_into_face,40,60,3.08,27.0,42.5,162.8,14.17,6.67
powdery_friable,10,<0.1m,10,dip_out_of_face,20,30,3.18,29.5,74.9,222.7,44.54,6.842
powdery_friable,10,<0.1m,10,dip_into_face,40,50,3.12,28.0,72.6,114.7,22.94,6.656
massive,50,oversize_to_pattern,50,dip_out_of_face,20,70,2.47,11.75,73.0,44.9,8.98,8.444
powdery_friable,10,0.1m_to_oversize,20,dip_out_of_face,20,40,2.4,10.0,83.5,100.4,20.08,4.805
powdery_friable,10,<0.1m,10,dip_out_of_face,20,30,2.86,21.5,41.9,84.1,13.97,4.528
powdery_friable,10,0.1m_to_oversize,20,strike_perpendicular,30,50,2.84,21.0,42.0,245.7,14.0,5.7
massive,50,0.1m_to_oversize,20,dip_out_of_face,20,40,2.32,8.0,87.6,61.1,12.22,6.613
blocky_jointed,30,<0.1m,10,dip_out_of_face,20,30,2.8,20.0,37.7,200.9,12.57,5.554
blocky_jointed,90,oversize_to_pattern,50,dip_into_face,40,90,2.32,8.0,82.0,63.7,12.74,12.044
powdery_friable,10,oversize_to_pattern,50,strike_perpendicular,30,80,2.2,5.0,84.0,143.8,28.76,7.426
massive,50,oversize_to_pattern,50,dip_into_face,40,90,2.87,21.75,39.1,36.1,13.03,10.487
massive,50,0.1m_to_oversize,20,dip_into_face,40,60,2.51,12.75,77.8,185.5,37.1,9.591
blocky_jointed,80,oversize_to_pattern,50,strike_perpendicular,30,80,2.87,21.75,36.1,180.4,12.03,11.627
massive,50,<0.1m,10,dip_out_of_face,20,30,2.62,15.5,85.2,175.8,35.16,7.84
powdery_friable,10,oversize_to_pattern,50,dip_into_face,40,90,2.5,12.5,53.8,20.1,4.02,6.991
blocky_jointed,40,<0.1m,10,strike_perpendicular,30,40,2.99,24.75,58.5,94.1,18.82,7.414
blocky_jointed,60,0.1m_to_oversize,20,dip_into_face,40,60,2.41,10.25,47.9,227.3,15.97,8.773
massive,50,<0.1m,10,dip_into_face,40,50,2.28,7.0,51.2,165.6,33.12,8.407
blocky_jointed,30,<0.1m,10,dip_out_of_face,20,30,2.87,21.75,28.0,65.8,9.33,5.465
powdery_friable,10,<0.1m,10,dip_out_of_face,20,30,3.18,29.5,58.9,196.8,39.36,6.532
blocky_jointed,60,0.1m_to_oversize,20,dip_into_face,40,60,2.78,19.5,67.5,108.3,21.66,9.67
blocky_jointed,30,<0.1m,10,dip_out_of_face,20,30,2.86,21.5,10.4,192.7,3.47,5.098
powdery_friable,10,0.1m_to_oversize,20,dip_out_of_face,20,40,2.38,9.5,86.6,139.1,27.82,5.239
powdery_friable,10,oversize_to_pattern,50,dip_out_of_face,20,70,3.12,28.0,19.7,50.7,6.57,6.874
blocky_jointed,90,oversize_to_pattern,50,dip_into_face,40,90,3.19,29.75,57.6,238.5,47.7,15.447
blocky_jointed,90,oversize_to_pattern,50,dip_into_face,40,90,3.09,27.25,44.1,228.6,14.7,13.317
blocky_jointed,50,<0.1m,10,dip_into_face,40,50,3.06,26.5,46.0,192.9,15.33,8.51
massive,50,0.1m_to_oversize,20,dip_into_face,40,60,2.68,17.0,29.1,121.2,9.7,8.202
massive,50,0.1m_to_oversize,20,dip_out_of_face,20,40,2.47,11.75,35.6,144.2,11.87,6.817
powdery_friable,10,<0.1m,10,dip_out_of_face,20,30,2.58,14.5,22.2,69.2,7.4,3.714
blocky_jointed,50,0.1m_to_oversize,20,strike_perpendicular,30,50,2.74,18.5,43.3,67.6,14.43,7.976
blocky_jointed,60,0.1m_to_oversize,20,dip_into_face,40,60,3.15,28.75,11.6,222.6,3.87,9.157
massive,50,0.1m_to_oversize,20,strike_perpendicular,30,50,2.21,5.25,38.1,193.3,12.7,7.077
blocky_jointed,90,oversize_to_pattern,50,dip_into_face,40,90,2.93,23.25,74.0,226.5,45.3,14.913
blocky_jointed,40,<0.1m,10,strike_perpendicular,30,40,2.64,16.0,12.3,97.3,4.1,6.006
massive,50,0.1m_to_oversize,20,dip_into_face,40,60,2.37,9.25,47.4,49.4,15.8,8.103
massive,50,oversize_to_pattern,50,dip_out_of_face,20,70,3.11,27.75,57.4,172.5,34.5,10.935
powdery_friable,10,oversize_to_pattern,50,strike_perpendicular,30,80,2.34,8.5,46.9,31.6,15.63,6.848
blocky_jointed,40,0.1m_to_oversize,20,dip_out_of_face,20,40,2.65,16.25,37.0,222.3,12.33,6.515
blocky_jointed,50,0.1m_to_oversize,20,strike_perpendicular,30,50,3.03,25.75,47.6,192.3,15.87,8.497
powdery_friable,10,0.1m_to_oversize,20,dip_out_of_face,20,40,2.85,21.25,72.5,169.9,33.98,6.314
powdery_friable,10,<0.1m,10,dip_out_of_face,20,30,3.04,26.0,59.7,74.9,14.98,4.859
blocky_jointed,70,oversize_to_pattern,50,dip_out_of_face,20,70,2.76,19.0,27.4,180.9,9.13,10.088
blocky_jointed,50,<0.1m,10,dip_into_face,40,50,2.81,20.25,69.8,46.3,9.26,7.771
powdery_friable,10,0.1m_to_oversize,20,dip_out_of_face,20,40,2.78,19.5,84.3,152.4,30.48,5.999
blocky_jointed,60,0.1m_to_oversize,20,dip_into_face,40,60,2.4,10.0,57.4,211.0,42.2,10.332
powdery_friable,10,<0.1m,10,dip_into_face,40,50,2.97,24.25,78.0,158.1,31.62,6.952
powdery_friable,10,oversize_to_pattern,50,dip_out_of_face,20,70,2.55,13.75,44.3,105.2,14.77,6.511
massive,50,oversize_to_pattern,50,strike_perpendicular,30,80,2.21,5.25,43.6,132.7,14.53,8.987
blocky_jointed,60,0.1m_to_oversize,20,dip_into_face,40,60,3.09,27.25,46.8,55.2,15.6,9.771
powdery_friable,10,oversize_to_pattern,50,dip_into_face,40,90,3.17,29.25,31.6,205.9,10.53,8.387
massive,50,0.1m_to_oversize,20,strike_perpendicular,30,50,2.64,16.0,68.5,81.7,16.34,7.94
powdery_friable,10,<0.1m,10,strike_perpendicular,30,40,3.08,27.0,29.5,126.9,9.83,5.21
massive,50,oversize_to_pattern,50,strike_perpendicular,30,80,2.54,13.5,49.5,94.8,16.5,9.6
blocky_jointed,40,<0.1m,10,strike_perpendicular,30,40,3.0,25.0,37.2,222.5,12.4,7.044
massive,50,0.1m_to_oversize,20,dip_into_face,40,60,2.21,5.25,85.8,39.7,7.94,7.391
massive,50,0.1m_to_oversize,20,strike_perpendicular,30,50,2.76,19.0,29.2,129.5,9.73,7.724
massive,50,0.1m_to_oversize,20,strike_perpendicular,30,50,2.99,24.75,17.4,71.0,5.8,7.833
massive,50,<0.1m,10,strike_perpendicular,30,40,2.86,21.5,39.5,147.3,13.17,7.48
blocky_jointed,60,0.1m_to_oversize,20,dip_into_face,40,60,2.75,18.75,38.1,124.4,12.7,9.087
blocky_jointed,40,0.1m_to_oversize,20,dip_out_of_face,20,40,2.32,8.0,25.4,47.5,8.47,5.788
massive,50,oversize_to_pattern,50,dip_out_of_face,20,70,2.39,9.75,69.1,83.6,16.72,8.788
massive,50,oversize_to_pattern,50,dip_into_face,40,90,2.48,12.0,18.0,64.6,6.0,9.48
powdery_friable,10,0.1m_to_oversize,20,dip_out_of_face,20,40,2.5,12.5,66.6,49.1,9.82,4.339
powdery_friable,10,<0.1m,10,dip_into_face,40,50,2.49,12.25,85.5,166.7,33.34,6.335
blocky_jointed,30,<0.1m,10,dip_out_of_face,20,30,2.77,19.25,47.6,121.3,15.87,5.707
powdery_friable,10,<0.1m,10,strike_perpendicular,30,40,3.14,28.5,48.2,209.1,16.07,5.674
blocky_jointed,40,0.1m_to_oversize,20,dip_out_of_face,20,40,2.78,19.5,64.9,54.9,10.98,6.629
massive,50,0.1m_to_oversize,20,dip_out_of_face,20,40,3.19,29.75,19.5,195.8,6.5,7.575
massive,50,oversize_to_pattern,50,dip_into_face,40,90,2.43,10.75,51.8,123.6,24.72,10.528
blocky_jointed,60,0.1m_to_oversize,20,dip_into_face,40,60,3.19,29.75,34.4,162.8,11.47,9.673
massive,50,oversize_to_pattern,50,dip_out_of_face,20,70,3.15,28.75,26.6,68.5,8.87,9.457
massive,50,<0.1m,10,dip_out_of_face,20,30,2.44,11.0,54.2,56.0,11.2,6.132
blocky_jointed,60,0.1m_to_oversize,20,dip_into_face,40,60,2.79,19.75,33.3,73.2,11.1,9.051
massive,50,0.1m_to_oversize,20,dip_into_face,40,60,3.06,26.5,15.7,73.7,5.23,8.504
blocky_jointed,90,oversize_to_pattern,50,dip_into_face,40,90,2.86,21.5,84.7,117.8,23.56,13.504
massive,50,<0.1m,10,dip_into_face,40,50,2.35,8.75,31.3,52.7,10.43,7.151
powdery_friable,10,<0.1m,10,strike_perpendicular,30,40,2.8,20.0,75.9,231.9,46.38,6.983
blocky_jointed,40,<0.1m,10,strike_perpendicular,30,40,2.89,22.25,66.0,236.8,47.36,8.977
massive,50,oversize_to_pattern,50,strike_perpendicular,30,80,2.64,16.0,57.8,224.6,44.92,11.455
massive,50,0.1m_to_oversize,20,dip_into_face,40,60,2.45,11.25,17.3,241.2,5.77,7.621
massive,50,oversize_to_pattern,50,dip_out_of_face,20,70,3.2,30.0,63.8,82.0,16.4,9.984
powdery_friable,10,<0.1m,10,strike_perpendicular,30,40,2.72,18.0,45.4,84.0,15.13,4.988
massive,50,0.1m_to_oversize,20,dip_into_face,40,60,3.01,25.25,87.5,128.1,25.62,9.652
blocky_jointed,50,0.1m_to_oversize,20,strike_perpendicular,30,50,2.87,21.75,78.6,95.9,19.18,8.456
massive,50,0.1m_to_oversize,20,strike_perpendicular,30,50,2.86,21.5,42.0,194.9,14.0,8.13
powdery_friable,10,0.1m_to_oversize,20,dip_out_of_face,20,40,2.51,12.75,35.9,243.1,11.97,4.483
blocky_jointed,70,oversize_to_pattern,50,dip_out_of_face,20,70,2.86,21.5,53.4,115.0,23.0,11.07
powdery_friable,10,oversize_to_pattern,50,strike_perpendicular,30,80,2.82,20.5,49.9,121.7,16.63,7.628
powdery_friable,10,<0.1m,10,strike_perpendicular,30,40,2.75,18.75,84.2,120.8,24.16,5.575
massive,50,0.1m_to_oversize,20,dip_out_of_face,20,40,2.23,5.75,60.4,203.8,40.76,8.191
massive,50,<0.1m,10,strike_perpendicular,30,40,2.75,18.75,54.2,41.4,8.28,7.022
powdery_friable,10,0.1m_to_oversize,20,dip_out_of_face,20,40,2.85,21.25,22.3,234.5,7.43,4.721
blocky_jointed,90,oversize_to_pattern,50,dip_into_face,40,90,2.47,11.75,76.8,245.5,49.1,14.451
powdery_friable,10,0.1m_to_oversize,20,dip_into_face,40,60,2.34,8.5,25.2,157.9,8.4,5.214
massive,50,<0.1m,10,dip_out_of_face,20,30,2.48,12.0,73.2,115.4,23.08,6.905
massive,50,0.1m_to_oversize,20,dip_out_of_face,20,40,2.48,12.0,33.9,155.0,11.3,6.798
massive,50,0.1m_to_oversize,20,dip_out_of_face,20,40,2.65,16.25,48.7,96.5,16.23,7.349
massive,50,0.1m_to_oversize,20,strike_perpendicular,30,50,3.13,28.25,79.6,245.6,49.12,10.642
powdery_friable,10,oversize_to_pattern,50,strike_perpendicular,30,80,2.43,10.75,72.0,30.0,6.0,6.405
massive,50,0.1m_to_oversize,20,dip_into_face,40,60,3.11,27.75,40.5,247.3,13.5,9.075
massive,50,<0.1m,10,strike_perpendicular,30,40,3.16,29.0,20.1,242.0,6.7,7.542
blocky_jointed,40,<0.1m,10,strike_perpendicular,30,40,2.3,7.5,82.8,23.5,4.7,5.532
powdery_friable,10,0.1m_to_oversize,20,dip_into_face,40,60,3.17,29.25,16.0,199.8,5.33,6.275
blocky_jointed,60,0.1m_to_oversize,20,dip_into_face,40,60,2.89,22.25,62.0,215.9,43.18,11.126
massive,50,oversize_to_pattern,50,strike_perpendicular,30,80,3.15,28.75,60.1,224.1,44.82,12.214
blocky_jointed,70,oversize_to_pattern,50,dip_out_of_face,20,70,2.82,20.5,28.8,177.4,9.6,10.206
blocky_jointed,50,<0.1m,10,dip_into_face,40,50,2.29,7.25,88.3,194.9,38.98,8.774
massive,50,<0.1m,10,strike_perpendicular,30,40,2.37,9.25,34.0,26.7,11.33,6.635
blocky_jointed,40,<0.1m,10,strike_perpendicular,30,40,2.56,14.0,44.5,76.2,14.83,6.53
blocky_jointed,90,oversize_to_pattern,50,dip_into_face,40,90,2.99,24.75,23.6,38.2,7.87,12.757
blocky_jointed,90,oversize_to_pattern,50,dip_into_face,40,90,2.44,11.0,83.0,52.9,10.58,12.095
blocky_jointed,80,oversize_to_pattern,50,strike_perpendicular,30,80,2.66,16.5,63.3,226.7,45.34,13.31
blocky_jointed,60,0.1m_to_oversize,20,dip_into_face,40,60,2.75,18.75,15.9,237.4,5.3,8.643
massive,50,0.1m_to_oversize,20,dip_into_face,40,60,3.16,29.0,65.2,125.1,25.02,9.841
blocky_jointed,40,<0.1m,10,strike_perpendicular,30,40,3.05,26.25,18.5,107.7,6.17,6.745
blocky_jointed,80,oversize_to_pattern,50,strike_perpendicular,30,80,3.19,29.75,33.6,244.9,11.2,12.057
massive,50,0.1m_to_oversize,20,strike_perpendicular,30,50,2.21,5.25,79.2,199.0,39.8,8.703
powdery_friable,10,oversize_to_pattern,50,dip_into_face,40,90,2.7,17.5,82.3,85.8,17.16,8.08
powdery_friable,10,oversize_to_pattern,50,strike_perpendicular,30,80,2.42,10.5,25.2,77.6,8.4,6.534
massive,50,oversize_to_pattern,50,dip_into_face,40,90,3.04,26.0,60.3,227.8,45.56,12.694
massive,50,<0.1m,10,strike_perpendicular,30,40,2.99,24.75,12.7,103.9,4.23,7.139
powdery_friable,10,<0.1m,10,strike_perpendicular,30,40,2.53,13.25,43.2,66.2,14.4,4.659
massive,50,0.1m_to_oversize,20,dip_into_face,40,60,2.7,17.5,31.8,57.8,10.6,8.286
blocky_jointed,60,0.1m_to_oversize,20,dip_into_face,40,60,3.07,26.75,74.3,127.7,25.54,10.337
powdery_friable,10,<0.1m,10,dip_out_of_face,20,30,3.06,26.5,67.9,245.4,49.08,6.935
massive,50,0.1m_to_oversize,20,dip_out_of_face,20,40,2.99,24.75,11.1,143.4,3.7,7.107
blocky_jointed,60,0.1m_to_oversize,20,dip_into_face,40,60,2.95,23.75,31.0,107.6,10.33,9.245
massive,50,0.1m_to_oversize,20,dip_out_of_face,20,40,2.87,21.75,47.7,162.5,15.9,7.659
massive,50,0.1m_to_oversize,20,dip_into_face,40,60,2.42,10.5,15.1,209.5,5.03,7.532
massive,50,0.1m_to_oversize,20,dip_into_face,40,60,2.61,15.25,21.2,237.6,7.07,7.939
blocky_jointed,40,0.1m_to_oversize,20,dip_out_of_face,20,40,2.3,7.5,81.0,51.2,10.24,5.864
blocky_jointed,60,0.1m_to_oversize,20,dip_into_face,40,60,3.15,28.75,65.7,144.2,28.84,10.655
massive,50,oversize_to_pattern,50,dip_into_face,40,90,2.35,8.75,43.2,42.8,14.4,9.789
blocky_jointed,80,oversize_to_pattern,50,strike_perpendicular,30,80,3.14,28.5,32.4,178.8,10.8,11.958
powdery_friable,10,0.1m_to_oversize,20,strike_perpendicular,30,50,3.15,28.75,78.4,42.9,8.58,5.84
massive,50,0.1m_to_oversize,20,dip_into_face,40,60,3.1,27.5,61.6,33.9,6.78,8.657
blocky_jointed,30,<0.1m,10,dip_out_of_face,20,30,3.15,28.75,75.9,41.1,8.22,5.818
powdery_friable,10,oversize_to_pattern,50,dip_into_face,40,90,2.8,20.0,11.7,201.0,3.9,7.434
powdery_friable,10,<0.1m,10,dip_into_face,40,50,2.41,10.25,76.4,147.5,29.5,5.985
massive,50,<0.1m,10,dip_out_of_face,20,30,2.53,13.25,21.8,227.1,7.27,6.031
powdery_friable,10,0.1m_to_oversize,20,dip_out_of_face,20,40,3.19,29.75,53.2,203.7,40.74,7.229
powdery_friable,10,oversize_to_pattern,50,dip_out_of_face,20,70,2.33,8.25,38.7,201.3,12.9,6.069
massive,50,0.1m_to_oversize,20,dip_out_of_face,20,40,2.37,9.25,14.2,190.6,4.73,6.239
massive,50,<0.1m,10,dip_into_face,40,50,2.26,6.5,45.9,103.3,15.3,7.308
massive,50,<0.1m,10,strike_perpendicular,30,40,2.7,17.5,85.6,30.0,6.0,6.81
massive,50,oversize_to_pattern,50,strike_perpendicular,30,80,2.66,16.5,87.1,34.0,6.8,9.198
blocky_jointed,50,0.1m_to_oversize,20,strike_perpendicular,30,50,2.89,22.25,49.2,229.2,16.4,8.319
powdery_friable,10,<0.1m,10,strike_perpendicular,30,40,2.81,20.25,15.3,83.3,5.1,4.521
massive,50,oversize_to_pattern,50,dip_into_face,40,90,2.91,22.75,40.5,157.4,13.5,10.575
blocky_jointed,60,0.1m_to_oversize,20,dip_into_face,40,60,2.81,20.25,17.9,181.4,5.97,8.773
massive,50,oversize_to_pattern,50,dip_into_face,40,90,2.92,23.0,27.2,123.9,9.07,10.324
powdery_friable,10,0.1m_to_oversize,20,strike_perpendicular,30,50,3.03,25.75,41.9,187.8,13.97,5.983
blocky_jointed,50,0.1m_to_oversize,20,strike_perpendicular,30,50,2.87,21.75,39.9,55.1,13.3,8.103
blocky_jointed,30,<0.1m,10,dip_out_of_face,20,30,3.03,25.75,17.5,42.2,5.83,5.495
massive,50,0.1m_to_oversize,20,dip_out_of_face,20,40,2.76,19.0,56.9,149.2,29.84,8.33
blocky_jointed,70,oversize_to_pattern,50,dip_out_of_face,20,70,2.61,15.25,79.9,236.5,47.3,12.153
blocky_jointed,70,oversize_to_pattern,50,dip_out_of_face,20,70,3.17,29.25,58.0,100.9,20.18,11.366
massive,50,oversize_to_pattern,50,dip_out_of_face,20,70,2.35,8.75,48.6,214.9,16.2,8.697
blocky_jointed,80,oversize_to_pattern,50,strike_perpendicular,30,80,2.31,7.75,32.3,72.0,10.77,10.711
blocky_jointed,90,oversize_to_pattern,50,dip_into_face,40,90,2.81,20.25,61.4,26.0,5.2,12.327
massive,50,oversize_to_pattern,50,strike_perpendicular,30,80,2.23,5.75,31.9,195.4,10.63,8.783
blocky_jointed,40,0.1m_to_oversize,20,dip_out_of_face,20,40,2.38,9.5,21.5,171.2,7.17,5.8
powdery_friable,10,<0.1m,10,dip_into_face,40,50,2.83,20.75,12.5,191.6,4.17,5.095
powdery_friable,10,0.1m_to_oversize,20,strike_perpendicular,30,50,2.65,16.25,22.6,91.7,7.53,5.027
blocky_jointed,90,oversize_to_pattern,50,dip_into_face,40,90,2.28,7.0,14.2,56.2,4.73,11.504
massive,50,<0.1m,10,dip_into_face,40,50,2.28,7.0,45.4,117.5,15.13,7.328
massive,50,0.1m_to_oversize,20,strike_perpendicular,30,50,2.47,11.75,70.4,46.2,9.24,7.259
blocky_jointed,40,<0.1m,10,strike_perpendicular,30,40,2.88,22.0,57.5,141.2,28.24,7.814
blocky_jointed,30,<0.1m,10,dip_out_of_face,20,30,2.6,15.0,57.9,21.8,4.36,4.762
blocky_jointed,30,<0.1m,10,dip_out_of_face,20,30,2.96,24.0,33.2,47.6,11.07,5.704
blocky_jointed,80,oversize_to_pattern,50,strike_perpendicular,30,80,2.38,9.5,40.4,181.8,13.47,10.978
massive,50,oversize_to_pattern,50,dip_into_face,40,90,3.01,25.25,15.8,218.2,5.27,10.231
powdery_friable,10,0.1m_to_oversize,20,dip_out_of_face,20,40,2.66,16.5,16.2,92.0,5.4,4.314
blocky_jointed,80,oversize_to_pattern,50,strike_perpendicular,30,80,2.91,22.75,43.4,46.5,14.47,11.833
powdery_friable,10,0.1m_to_oversize,20,dip_out_of_face,20,40,3.0,25.0,59.5,211.4,42.28,7.037
blocky_jointed,40,<0.1m,10,strike_perpendicular,30,40,3.04,26.0,29.5,155.4,9.83,6.95
massive,50,<0.1m,10,strike_perpendicular,30,40,3.07,26.75,69.7,71.0,14.2,7.857
powdery_friable,10,<0.1m,10,dip_into_face,40,50,2.83,20.75,52.4,64.6,12.92,5.62
blocky_jointed,60,0.1m_to_oversize,20,dip_into_face,40,60,3.16,29.0,61.6,54.0,10.8,9.588
powdery_friable,10,<0.1m,10,strike_perpendicular,30,40,2.4,10.0,58.2,194.8,38.96,5.938
massive,50,<0.1m,10,dip_out_of_face,20,30,3.15,28.75,60.2,126.7,25.34,8.045
massive,50,oversize_to_pattern,50,strike_perpendicular,30,80,2.88,22.0,80.6,167.9,33.58,11.135
massive,50,0.1m_to_oversize,20,dip_into_face,40,60,2.52,13.0,45.2,127.9,15.07,8.284
massive,50,0.1m_to_oversize,20,strike_perpendicular,30,50,2.79,19.75,38.2,37.1,12.73,7.949
blocky_jointed,40,0.1m_to_oversize,20,dip_out_of_face,20,40,2.26,6.5,76.5,37.6,7.52,5.641
powdery_friable,10,oversize_to_pattern,50,dip_into_face,40,90,2.71,17.75,47.0,147.5,15.67,8.005
massive,50,<0.1m,10,strike_perpendicular,30,40,3.11,27.75,55.7,63.3,12.66,7.825
massive,50,0.1m_to_oversize,20,dip_into_face,40,60,2.35,8.75,14.9,43.8,4.97,7.423
blocky_jointed,70,oversize_to_pattern,50,dip_out_of_face,20,70,2.7,17.5,23.8,77.0,7.93,9.926
blocky_jointed,60,0.1m_to_oversize,20,dip_into_face,40,60,2.72,18.0,22.7,105.8,7.57,8.734
blocky_jointed,50,0.1m_to_oversize,20,strike_perpendicular,30,50,2.97,24.25,64.3,32.0,6.4,7.839
massive,50,oversize_to_pattern,50,strike_perpendicular,30,80,2.27,6.75,17.6,176.0,5.87,8.557
blocky_jointed,60,0.1m_to_oversize,20,dip_into_face,40,60,3.05,26.25,87.2,158.6,31.72,10.678
powdery_friable,10,0.1m_to_oversize,20,dip_out_of_face,20,40,2.78,19.5,21.3,100.5,7.1,4.596
massive,50,oversize_to_pattern,50,dip_into_face,40,90,2.59,14.75,57.6,235.7,47.14,12.113
blocky_jointed,80,oversize_to_pattern,50,strike_perpendicular,30,80,2.84,21.0,36.3,49.4,12.1,11.586
massive,50,oversize_to_pattern,50,dip_into_face,40,90,3.11,27.75,17.5,174.2,5.83,10.415
massive,50,0.1m_to_oversize,20,dip_out_of_face,20,40,2.56,14.0,24.4,69.3,8.13,6.728
blocky_jointed,30,<0.1m,10,dip_out_of_face,20,30,3.2,30.0,22.4,88.0,7.47,5.848
powdery_friable,10,oversize_to_pattern,50,dip_into_face,40,90,3.04,26.0,80.7,28.7,5.74,7.904
blocky_jointed,70,oversize_to_pattern,50,dip_out_of_face,20,70,2.8,20.0,22.3,61.6,7.43,10.046
massive,50,oversize_to_pattern,50,dip_out_of_face,20,70,2.92,23.0,13.5,103.8,4.5,8.85
massive,50,<0.1m,10,strike_perpendicular,30,40,2.81,20.25,70.2,200.3,40.06,9.019
powdery_friable,10,oversize_to_pattern,50,dip_out_of_face,20,70,2.51,12.75,74.7,127.9,25.58,7.1
powdery_friable,10,0.1m_to_oversize,20,dip_into_face,40,60,3.15,28.75,88.8,126.2,25.24,7.439
blocky_jointed,60,0.1m_to_oversize,20,dip_into_face,40,60,2.73,18.25,87.3,207.9,41.58,10.79
massive,50,<0.1m,10,strike_perpendicular,30,40,2.25,6.25,48.4,105.4,16.13,6.743
powdery_friable,10,oversize_to_pattern,50,dip_into_face,40,90,3.05,26.25,32.8,195.5,10.93,8.231
blocky_jointed,60,0.1m_to_oversize,20,dip_into_face,40,60,2.35,8.75,45.0,237.7,15.0,8.625
powdery_friable,10,0.1m_to_oversize,20,strike_perpendicular,30,50,3.13,28.25,43.2,111.2,14.4,6.159
blocky_jointed,40,<0.1m,10,strike_perpendicular,30,40,3.19,29.75,40.0,26.5,13.33,7.385
powdery_friable,10,oversize_to_pattern,50,dip_into_face,40,90,2.54,13.5,21.7,28.8,7.23,7.244
blocky_jointed,70,oversize_to_pattern,50,dip_out_of_face,20,70,2.96,24.0,47.5,161.5,15.83,10.79
powdery_friable,10,<0.1m,10,strike_perpendicular,30,40,2.42,10.5,22.0,236.3,7.33,4.07
massive,50,oversize_to_pattern,50,strike_perpendicular,30,80,2.31,7.75,33.0,89.3,11.0,8.925
powdery_friable,10,<0.1m,10,strike_perpendicular,30,40,2.84,21.0,59.8,34.4,6.88,4.673
blocky_jointed,90,oversize_to_pattern,50,dip_into_face,40,90,2.22,5.5,51.2,75.6,15.12,12.037
powdery_friable,10,0.1m_to_oversize,20,strike_perpendicular,30,50,2.2,5.0,38.2,151.3,12.73,4.664
powdery_friable,10,oversize_to_pattern,50,dip_into_face,40,90,2.29,7.25,88.0,35.6,7.12,6.862
massive,50,oversize_to_pattern,50,dip_into_face,40,90,2.99,24.75,50.6,24.7,4.94,10.181
blocky_jointed,50,<0.1m,10,dip_into_face,40,50,2.59,14.75,39.9,191.9,13.3,7.683
blocky_jointed,40,<0.1m,10,strike_perpendicular,30,40,2.44,11.0,62.6,43.8,8.76,5.986
massive,50,oversize_to_pattern,50,strike_perpendicular,30,80,2.33,8.25,38.2,97.9,12.73,9.059
massive,50,<0.1m,10,dip_into_face,40,50,2.66,16.5,65.6,165.3,33.06,8.974
powdery_friable,10,<0.1m,10,dip_into_face,40,50,2.98,24.5,46.6,87.5,15.53,6.002
powdery_friable,10,<0.1m,10,dip_out_of_face,20,30,2.52,13.0,34.8,111.6,11.6,3.876
massive,50,0.1m_to_oversize,20,strike_perpendicular,30,50,2.24,6.0,61.8,85.8,17.16,7.39
powdery_friable,10,oversize_to_pattern,50,strike_perpendicular,30,80,2.47,11.75,73.9,120.5,24.1,7.551
blocky_jointed,80,oversize_to_pattern,50,strike_perpendicular,30,80,3.09,27.25,40.9,244.0,13.63,12.053
blocky_jointed,80,oversize_to_pattern,50,strike_perpendicular,30,80,2.57,14.25,73.8,81.3,16.26,11.431
powdery_friable,10,oversize_to_pattern,50,strike_perpendicular,30,80,2.28,7.0,58.2,209.1,41.82,8.329
massive,50,0.1m_to_oversize,20,strike_perpendicular,30,50,2.3,7.5,36.2,88.0,12.07,7.174
blocky_jointed,90,oversize_to_pattern,50,dip_into_face,40,90,2.63,15.75,65.2,100.9,20.18,12.956
powdery_friable,10,oversize_to_pattern,50,strike_perpendicular,30,80,2.81,20.25,44.8,167.1,14.93,7.511
powdery_friable,10,<0.1m,10,dip_into_face,40,50,2.84,21.0,39.1,204.3,13.03,5.642
massive,50,<0.1m,10,dip_out_of_face,20,30,2.34,8.5,58.6,199.7,39.94,7.706
powdery_friable,10,<0.1m,10,dip_out_of_face,20,30,2.44,11.0,61.6,103.3,20.66,4.3
massive,50,<0.1m,10,dip_into_face,40,50,2.35,8.75,46.0,105.3,15.33,7.445
blocky_jointed,50,<0.1m,10,dip_into_face,40,50,2.34,8.5,39.4,92.3,13.13,7.298
blocky_jointed,30,<0.1m,10,dip_out_of_face,20,30,2.23,5.75,24.9,139.1,8.3,4.443
massive,50,<0.1m,10,strike_perpendicular,30,40,2.97,24.25,66.3,69.4,13.88,7.688
massive,50,0.1m_to_oversize,20,dip_into_face,40,60,3.12,28.0,49.3,48.2,16.43,9.266
powdery_friable,10,0.1m_to_oversize,20,dip_out_of_face,20,40,3.1,27.5,45.6,40.2,15.2,5.562
massive,50,0.1m_to_oversize,20,dip_into_face,40,60,2.55,13.75,15.2,144.7,5.07,7.729
blocky_jointed,50,<0.1m,10,dip_into_face,40,50,2.91,22.75,66.0,60.0,12.0,8.085
blocky_jointed,70,oversize_to_pattern,50,dip_out_of_face,20,70,2.32,8.0,26.1,51.9,8.7,9.402
blocky_jointed,40,<0.1m,10,strike_perpendicular,30,40,2.75,18.75,39.5,204.8,13.17,6.715
massive,50,<0.1m,10,dip_into_face,40,50,3.08,27.0,15.3,111.6,5.1,7.926
massive,50,oversize_to_pattern,50,strike_perpendicular,30,80,2.73,18.25,71.5,209.4,41.88,11.408
powdery_friable,10,<0.1m,10,strike_perpendicular,30,40,2.84,21.0,46.0,176.4,15.33,5.18
blocky_jointed,50,<0.1m,10,dip_into_face,40,50,2.84,21.0,24.6,242.2,8.2,7.752
blocky_jointed,70,oversize_to_pattern,50,dip_out_of_face,20,70,3.03,25.75,51.4,89.9,17.98,11.024
powdery_friable,10,0.1m_to_oversize,20,dip_into_face,40,60,2.43,10.75,85.8,139.3,27.86,6.517
blocky_jointed,40,<0.1m,10,strike_perpendicular,30,40,2.4,10.0,86.5,83.1,16.62,6.397
massive,50,0.1m_to_oversize,20,dip_into_face,40,60,2.73,18.25,50.2,58.8,11.76,8.401
massive,50,<0.1m,10,dip_out_of_face,20,30,2.86,21.5,67.7,159.2,31.84,8.0
massive,50,<0.1m,10,dip_out_of_face,20,30,2.28,7.0,85.9,197.3,39.46,7.588
blocky_jointed,70,oversize_to_pattern,50,dip_out_of_face,20,70,2.97,24.25,43.3,167.0,14.43,10.721
blocky_jointed,90,oversize_to_pattern,50,dip_into_face,40,90,2.49,12.25,86.5,131.1,26.22,13.108
massive,50,0.1m_to_oversize,20,strike_perpendicular,30,50,2.65,16.25,65.1,56.4,11.28,7.652
blocky_jointed,50,0.1m_to_oversize,20,strike_perpendicular,30,50,2.4,10.0,58.5,91.9,18.38,7.703
massive,50,0.1m_to_oversize,20,dip_into_face,40,60,3.19,29.75,37.6,111.7,12.53,9.137
blocky_jointed,90,oversize_to_pattern,50,dip_into_face,40,90,2.31,7.75,29.3,48.2,9.77,11.851
blocky_jointed,30,<0.1m,10,dip_out_of_face,20,30,2.3,7.5,33.2,108.4,11.07,4.714
massive,50,0.1m_to_oversize,20,dip_out_of_face,20,40,3.16,29.0,82.2,207.1,41.42,9.625
massive,50,oversize_to_pattern,50,strike_perpendicular,30,80,2.39,9.75,22.7,249.1,7.57,8.839
blocky_jointed,50,0.1m_to_oversize,20,strike_perpendicular,30,50,2.7,17.5,17.2,110.4,5.73,7.394
blocky_jointed,30,<0.1m,10,dip_out_of_face,20,30,2.78,19.5,13.9,84.7,4.63,5.048
massive,50,oversize_to_pattern,50,dip_into_face,40,90,2.67,16.75,52.9,214.8,42.96,11.983
blocky_jointed,40,<0.1m,10,strike_perpendicular,30,40,2.93,23.25,71.1,104.2,20.84,7.445
blocky_jointed,50,<0.1m,10,dip_into_face,40,50,2.76,19.0,39.0,86.4,13.0,7.92
blocky_jointed,80,oversize_to_pattern,50,strike_perpendicular,30,80,2.96,24.0,32.4,247.5,10.8,11.688
massive,50,oversize_to_pattern,50,dip_out_of_face,20,70,2.33,8.25,17.7,105.8,5.9,8.049
blocky_jointed,80,oversize_to_pattern,50,strike_perpendicular,30,80,2.95,23.75,25.9,137.1,8.63,11.543
massive,50,<0.1m,10,dip_out_of_face,20,30,2.24,6.0,67.1,204.9,40.98,7.619
massive,50,0.1m_to_oversize,20,dip_out_of_face,20,40,2.81,20.25,51.2,95.4,19.08,7.76
massive,50,0.1m_to_oversize,20,dip_out_of_face,20,40,2.59,14.75,59.3,213.8,42.76,8.851
massive,50,0.1m_to_oversize,20,dip_into_face,40,60,3.03,25.75,52.6,183.0,36.6,10.341
blocky_jointed,40,0.1m_to_oversize,20,dip_out_of_face,20,40,2.57,14.25,63.9,245.4,49.08,8.6
massive,50,0.1m_to_oversize,20,dip_into_face,40,60,3.07,26.75,60.3,157.3,31.46,10.093
blocky_jointed,90,oversize_to_pattern,50,dip_into_face,40,90,2.78,19.5,67.7,154.2,30.84,13.82
powdery_friable,10,oversize_to_pattern,50,dip_into_face,40,90,2.92,23.0,72.0,107.4,21.48,8.669
massive,50,<0.1m,10,dip_out_of_face,20,30,2.77,19.25,66.0,63.9,12.78,6.722
blocky_jointed,50,0.1m_to_oversize,20,strike_perpendicular,30,50,2.35,8.75,65.2,114.4,22.88,7.898
massive,50,0.1m_to_oversize,20,dip_into_face,40,60,2.93,23.25,66.5,139.3,27.86,9.667
massive,50,0.1m_to_oversize,20,dip_into_face,40,60,2.68,17.0,40.1,240.0,13.37,8.422
blocky_jointed,80,oversize_to_pattern,50,strike_perpendicular,30,80,2.75,18.75,64.1,219.6,43.92,13.36
massive,50,oversize_to_pattern,50,dip_into_face,40,90,2.46,11.5,48.7,240.2,16.23,10.064
blocky_jointed,80,oversize_to_pattern,50,strike_perpendicular,30,80,2.42,10.5,87.8,88.5,17.7,11.292
blocky_jointed,70,oversize_to_pattern,50,dip_out_of_face,20,70,2.89,22.25,49.1,130.4,16.37,10.717
massive,50,oversize_to_pattern,50,strike_perpendicular,30,80,2.49,12.25,55.9,144.9,28.98,10.274
blocky_jointed,40,0.1m_to_oversize,20,dip_out_of_face,20,40,2.49,12.25,33.0,184.3,11.0,6.195
blocky_jointed,60,0.1m_to_oversize,20,dip_into_face,40,60,2.46,11.5,48.3,66.5,16.1,8.856
massive,50,0.1m_to_oversize,20,dip_into_face,40,60,2.9,22.5,21.0,161.6,7.0,8.37
massive,50,<0.1m,10,dip_out_of_face,20,30,2.25,6.25,82.4,71.9,14.38,6.038
powdery_friable,10,<0.1m,10,dip_out_of_face,20,30,2.61,15.25,67.4,43.1,8.62,3.832
powdery_friable,10,<0.1m,10,dip_into_face,40,50,3.18,29.5,22.6,170.2,7.53,5.822
blocky_jointed,60,0.1m_to_oversize,20,dip_into_face,40,60,2.4,10.0,87.1,93.9,18.78,8.927
massive,50,<0.1m,10,dip_out_of_face,20,30,2.85,21.25,28.6,189.9,9.53,6.647
powdery_friable,10,<0.1m,10,strike_perpendicular,30,40,3.08,27.0,24.1,231.5,8.03,5.102
blocky_jointed,40,0.1m_to_oversize,20,dip_out_of_face,20,40,3.14,28.5,87.0,233.0,46.6,9.306
powdery_friable,10,<0.1m,10,strike_perpendicular,30,40,2.77,19.25,18.6,246.1,6.2,4.527
blocky_jointed,60,0.1m_to_oversize,20,dip_into_face,40,60,2.74,18.5,49.5,235.9,16.5,9.3
massive,50,0.1m_to_oversize,20,strike_perpendicular,30,50,2.39,9.75,19.0,57.4,6.33,6.965
blocky_jointed,80,oversize_to_pattern,50,strike_perpendicular,30,80,2.92,23.0,11.1,97.5,3.7,11.202
blocky_jointed,90,oversize_to_pattern,50,dip_into_face,40,90,2.96,24.0,24.0,216.9,8.0,12.72
blocky_jointed,60,0.1m_to_oversize,20,dip_into_face,40,60,2.53,13.25,42.1,41.9,14.03,8.837
powdery_friable,10,0.1m_to_oversize,20,strike_perpendicular,30,50,3.14,28.5,10.5,108.2,3.5,5.52
blocky_jointed,50,0.1m_to_oversize,20,strike_perpendicular,30,50,2.5,12.5,67.8,22.6,4.52,7.021
massive,50,0.1m_to_oversize,20,dip_into_face,40,60,2.44,11.0,63.4,127.0,25.4,8.784
powdery_friable,10,0.1m_to_oversize,20,dip_into_face,40,60,2.7,17.5,81.6,181.8,36.36,7.432
blocky_jointed,70,oversize_to_pattern,50,dip_out_of_face,20,70,2.84,21.0,85.3,104.5,20.9,10.914
powdery_friable,10,<0.1m,10,dip_out_of_face,20,30,2.68,17.0,46.4,247.4,15.47,4.348
blocky_jointed,60,0.1m_to_oversize,20,dip_into_face,40,60,2.75,18.75,47.7,143.6,15.9,9.279
massive,50,<0.1m,10,dip_out_of_face,20,30,2.88,22.0,57.7,201.1,40.22,8.533
massive,50,0.1m_to_oversize,20,dip_into_face,40,60,2.9,22.5,16.2,149.8,5.4,8.274
powdery_friable,10,oversize_to_pattern,50,dip_into_face,40,90,2.4,10.0,52.9,57.8,11.56,7.294
massive,50,0.1m_to_oversize,20,dip_out_of_face,20,40,2.88,22.0,67.4,132.4,26.48,8.309
massive,50,0.1m_to_oversize,20,dip_out_of_face,20,40,2.65,16.25,51.1,125.1,25.02,7.876
powdery_friable,10,oversize_to_pattern,50,strike_perpendicular,30,80,2.87,21.75,34.7,25.0,11.57,7.399
blocky_jointed,50,<0.1m,10,dip_into_face,40,50,2.42,10.5,15.8,117.5,5.27,6.946
massive,50,<0.1m,10,dip_into_face,40,50,3.19,29.75,84.8,35.9,7.18,8.216
blocky_jointed,40,<0.1m,10,strike_perpendicular,30,40,2.61,15.25,71.5,196.1,39.22,8.068
massive,50,oversize_to_pattern,50,strike_perpendicular,30,80,2.57,14.25,81.3,123.2,24.64,10.133
blocky_jointed,40,0.1m_to_oversize,20,dip_out_of_face,20,40,2.88,22.0,62.9,144.0,28.8,7.848
massive,50,0.1m_to_oversize,20,dip_out_of_face,20,40,2.38,9.5,53.0,141.6,28.32,7.669
massive,50,<0.1m,10,dip_out_of_face,20,30,2.96,24.0,88.3,126.5,25.3,7.758
massive,50,oversize_to_pattern,50,strike_perpendicular,30,80,2.73,18.25,75.9,76.9,15.38,9.818
blocky_jointed,40,<0.1m,10,strike_perpendicular,30,40,2.39,9.75,80.0,196.1,39.22,7.738
powdery_friable,10,oversize_to_pattern,50,strike_perpendicular,30,80,2.81,20.25,84.9,224.5,44.9,9.309
powdery_friable,10,<0.1m,10,dip_out_of_face,20,30,2.3,7.5,12.7,157.5,4.23,3.104
massive,50,<0.1m,10,dip_out_of_face,20,30,2.94,23.5,42.2,73.9,14.07,7.054
powdery_friable,10,<0.1m,10,dip_out_of_face,20,30,2.7,17.5,33.1,207.6,11.03,4.112
massive,50,oversize_to_pattern,50,strike_perpendicular,30,80,2.78,19.5,71.8,208.2,41.64,11.468
powdery_friable,10,0.1m_to_oversize,20,dip_out_of_face,20,40,3.19,29.75,51.7,115.1,23.02,6.166
blocky_jointed,50,<0.1m,10,dip_into_face,40,50,3.15,28.75,80.4,229.7,45.94,10.481
massive,50,oversize_to_pattern,50,strike_perpendicular,30,80,2.76,19.0,13.8,99.2,4.6,9.216
massive,50,oversize_to_pattern,50,strike_perpendicular,30,80,2.99,24.75,35.5,115.8,11.83,9.995
powdery_friable,10,0.1m_to_oversize,20,strike_perpendicular,30,50,2.38,9.5,53.0,75.4,15.08,5.075
powdery_friable,10,0.1m_to_oversize,20,dip_into_face,40,60,2.34,8.5,47.0,33.3,15.67,5.65
blocky_jointed,60,0.1m_to_oversize,20,dip_into_face,40,60,2.73,18.25,41.1,78.6,13.7,9.117
blocky_jointed,70,oversize_to_pattern,50,dip_out_of_face,20,70,3.12,28.0,77.8,41.3,8.26,10.576
massive,50,<0.1m,10,dip_out_of_face,20,30,2.47,11.75,63.9,158.7,31.74,7.409
powdery_friable,10,<0.1m,10,dip_into_face,40,50,2.92,23.0,54.7,130.3,26.06,6.544
blocky_jointed,40,0.1m_to_oversize,20,dip_out_of_face,20,40,2.41,10.25,25.2,190.5,8.4,5.919
massive,50,0.1m_to_oversize,20,dip_out_of_face,20,40,2.9,22.5,66.3,111.2,22.24,8.084
powdery_friable,10,oversize_to_pattern,50,strike_perpendicular,30,80,2.98,24.5,40.5,142.7,13.5,7.68
blocky_jointed,50,0.1m_to_oversize,20,strike_perpendicular,30,50,2.56,14.0,80.6,127.2,25.44,8.366
massive,50,0.1m_to_oversize,20,strike_perpendicular,30,50,3.11,27.75,39.7,115.2,13.23,8.459
massive,50,<0.1m,10,dip_into_face,40,50,2.35,8.75,30.9,235.0,10.3,7.143
massive,50,oversize_to_pattern,50,strike_perpendicular,30,80,2.5,12.5,25.7,72.9,8.57,9.064
massive,50,<0.1m,10,strike_perpendicular,30,40,2.75,18.75,85.5,97.6,19.52,7.696
blocky_jointed,90,oversize_to_pattern,50,dip_into_face,40,90,2.94,23.5,46.9,188.5,15.63,13.148
blocky_jointed,30,<0.1m,10,dip_out_of_face,20,30,2.92,23.0,49.1,230.9,16.37,5.962
massive,50,oversize_to_pattern,50,dip_out_of_face,20,70,2.72,18.0,77.1,37.1,7.42,8.725
massive,50,<0.1m,10,dip_out_of_face,20,30,2.61,15.25,77.4,73.2,14.64,6.593
massive,50,<0.1m,10,dip_out_of_face,20,30,2.42,10.5,46.5,33.9,15.5,6.36
massive,50,oversize_to_pattern,50,dip_into_face,40,90,3.11,27.75,62.7,23.6,4.72,10.348
massive,50,oversize_to_pattern,50,strike_perpendicular,30,80,2.21,5.25,52.4,83.2,16.64,9.113
blocky_jointed,50,<0.1m,10,dip_into_face,40,50,3.01,25.25,63.9,205.4,41.08,9.98
powdery_friable,10,<0.1m,10,dip_out_of_face,20,30,2.72,18.0,29.3,162.5,9.77,4.066
blocky_jointed,50,0.1m_to_oversize,20,strike_perpendicular,30,50,2.99,24.75,16.3,240.6,5.43,7.811
blocky_jointed,70,oversize_to_pattern,50,dip_out_of_face,20,70,3.19,29.75,28.1,177.3,9.37,10.747
powdery_friable,10,oversize_to_pattern,50,dip_into_face,40,90,2.96,24.0,17.5,107.2,5.83,7.79
massive,50,0.1m_to_oversize,20,dip_out_of_face,20,40,2.84,21.0,66.2,39.0,7.8,7.128
blocky_jointed,80,oversize_to_pattern,50,strike_perpendicular,30,80,2.77,19.25,78.6,41.9,8.38,11.258
massive,50,<0.1m,10,dip_out_of_face,20,30,2.41,10.25,79.4,224.1,44.82,8.104
blocky_jointed,40,0.1m_to_oversize,20,dip_out_of_face,20,40,3.12,28.0,64.8,84.5,16.9,7.494
massive,50,oversize_to_pattern,50,dip_into_face,40,90,2.23,5.75,84.3,92.3,18.46,9.853
powdery_friable,10,oversize_to_pattern,50,dip_out_of_face,20,70,2.95,23.75,67.0,111.6,22.32,7.564
powdery_friable,10,0.1m_to_oversize,20,dip_out_of_face,20,40,2.76,19.0,55.3,215.4,43.08,6.725
massive,50,oversize_to_pattern,50,strike_perpendicular,30,80,2.58,14.5,69.2,201.8,40.36,11.092
massive,50,oversize_to_pattern,50,dip_out_of_face,20,70,2.7,17.5,87.9,32.4,6.48,8.639
blocky_jointed,30,<0.1m,10,dip_out_of_face,20,30,2.54,13.5,71.5,239.6,47.92,7.285
blocky_jointed,40,0.1m_to_oversize,20,dip_out_of_face,20,40,2.83,20.75,72.7,123.6,24.72,7.528
powdery_friable,10,0.1m_to_oversize,20,dip_into_face,40,60,3.14,28.5,44.5,176.3,14.83,6.8
massive,50,0.1m_to_oversize,20,dip_out_of_face,20,40,2.97,24.25,33.6,76.7,11.2,7.527
powdery_friable,10,<0.1m,10,strike_perpendicular,30,40,2.35,8.75,66.9,165.8,33.16,5.515
massive,50,0.1m_to_oversize,20,strike_perpendicular,30,50,2.56,14.0,17.3,236.9,5.77,7.186
blocky_jointed,50,0.1m_to_oversize,20,strike_perpendicular,30,50,2.3,7.5,17.0,119.1,5.67,6.79
massive,50,oversize_to_pattern,50,dip_into_face,40,90,2.61,15.25,12.1,101.4,4.03,9.557
powdery_friable,10,oversize_to_pattern,50,dip_into_face,40,90,2.98,24.5,79.1,22.8,4.56,7.744
blocky_jointed,40,0.1m_to_oversize,20,dip_out_of_face,20,40,2.92,23.0,54.8,248.3,49.66,9.16
powdery_friable,10,oversize_to_pattern,50,dip_into_face,40,90,2.37,9.25,40.5,51.9,13.5,7.365
blocky_jointed,50,0.1m_to_oversize,20,strike_perpendicular,30,50,2.35,8.75,23.4,83.5,7.8,6.993
blocky_jointed,40,0.1m_to_oversize,20,dip_out_of_face,20,40,2.56,14.0,85.5,185.8,37.16,7.87
blocky_jointed,90,oversize_to_pattern,50,dip_into_face,40,90,2.4,10.0,18.6,90.1,6.2,11.772
blocky_jointed,60,0.1m_to_oversize,20,dip_into_face,40,60,2.58,14.5,79.0,121.3,24.26,9.526
blocky_jointed,90,oversize_to_pattern,50,dip_into_face,40,90,2.34,8.5,35.7,237.9,11.9,12.024
powdery_friable,10,0.1m_to_oversize,20,strike_perpendicular,30,50,2.38,9.5,41.9,93.4,13.97,5.008
massive,50,oversize_to_pattern,50,dip_into_face,40,90,2.69,17.25,56.1,75.8,15.16,10.345
blocky_jointed,50,0.1m_to_oversize,20,strike_perpendicular,30,50,2.57,14.25,84.6,66.0,13.2,7.647
massive,50,<0.1m,10,dip_into_face,40,50,2.97,24.25,12.2,187.3,4.07,7.699
massive,50,<0.1m,10,strike_perpendicular,30,40,3.0,25.0,76.5,35.9,7.18,7.331
blocky_jointed,80,oversize_to_pattern,50,strike_perpendicular,30,80,2.34,8.5,34.2,78.1,11.4,10.794
powdery_friable,10,oversize_to_pattern,50,strike_perpendicular,30,80,2.99,24.75,15.9,247.9,5.3,7.203
blocky_jointed,80,oversize_to_pattern,50,strike_perpendicular,30,80,2.73,18.25,83.9,220.0,44.0,13.335
blocky_jointed,70,oversize_to_pattern,50,dip_out_of_face,20,70,2.99,24.75,38.8,226.0,12.93,10.661
massive,50,oversize_to_pattern,50,dip_into_face,40,90,3.11,27.75,18.7,77.1,6.23,10.439
massive,50,0.1m_to_oversize,20,dip_out_of_face,20,40,2.85,21.25,13.5,246.2,4.5,6.945
massive,50,oversize_to_pattern,50,strike_perpendicular,30,80,3.17,29.25,36.5,203.1,12.17,10.285
powdery_friable,10,<0.1m,10,dip_out_of_face,20,30,2.46,11.5,50.9,139.3,27.86,4.762
massive,50,oversize_to_pattern,50,dip_into_face,40,90,2.42,10.5,39.9,126.5,13.3,9.828
massive,50,oversize_to_pattern,50,dip_into_face,40,90,2.7,17.5,37.6,25.6,12.53,10.202
powdery_friable,10,0.1m_to_oversize,20,strike_perpendicular,30,50,3.12,28.0,16.9,211.2,5.63,5.618
massive,50,<0.1m,10,strike_perpendicular,30,40,2.51,12.75,46.4,67.6,15.47,7.093
blocky_jointed,50,0.1m_to_oversize,20,strike_perpendicular,30,50,2.3,7.5,67.8,124.1,24.82,7.939
powdery_friable,10,0.1m_to_oversize,20,dip_out_of_face,20,40,3.01,25.25,19.2,215.3,6.4,4.899
massive,50,<0.1m,10,dip_into_face,40,50,3.0,25.0,84.4,190.3,38.06,9.784
massive,50,<0.1m,10,dip_into_face,40,50,2.36,9.0,54.8,240.4,48.08,9.425
powdery_friable,10,0.1m_to_oversize,20,dip_into_face,40,60,2.38,9.5,61.2,119.4,23.88,6.203
powdery_friable,10,oversize_to_pattern,50,dip_into_face,40,90,3.08,27.0,46.0,118.8,15.33,8.54
powdery_friable,10,oversize_to_pattern,50,dip_out_of_face,20,70,2.41,10.25,70.2,206.0,41.2,7.887
powdery_friable,10,oversize_to_pattern,50,dip_out_of_face,20,70,3.0,25.0,53.0,104.1,20.82,7.549
powdery_friable,10,0.1m_to_oversize,20,dip_out_of_face,20,40,2.46,11.5,79.0,141.4,28.28,5.387
massive,50,0.1m_to_oversize,20,dip_into_face,40,60,2.59,14.75,41.4,46.3,13.8,8.313
blocky_jointed,60,0.1m_to_oversize,20,dip_into_face,40,60,2.37,9.25,63.9,204.1,40.82,10.204
massive,50,oversize_to_pattern,50,dip_out_of_face,20,70,2.87,21.75,35.1,74.9,11.7,9.207
powdery_friable,10,<0.1m,10,strike_perpendicular,30,40,2.89,22.25,50.9,116.2,23.24,5.729
powdery_friable,10,oversize_to_pattern,50,strike_perpendicular,30,80,2.62,15.5,48.9,143.6,16.3,7.308
massive,50,<0.1m,10,dip_into_face,40,50,2.37,9.25,33.1,63.0,11.03,7.217
blocky_jointed,70,oversize_to_pattern,50,dip_out_of_face,20,70,3.07,26.75,86.1,131.5,26.3,11.583
powdery_friable,10,0.1m_to_oversize,20,dip_into_face,40,60,2.71,17.75,49.6,177.5,16.53,6.257
blocky_jointed,80,oversize_to_pattern,50,strike_perpendicular,30,80,2.69,17.25,16.6,27.1,5.53,10.967
powdery_friable,10,0.1m_to_oversize,20,dip_out_of_face,20,40,2.47,11.75,53.0,58.7,11.74,4.409
blocky_jointed,90,oversize_to_pattern,50,dip_into_face,40,90,2.97,24.25,49.6,137.5,16.53,13.247
massive,50,<0.1m,10,strike_perpendicular,30,40,2.98,24.5,75.9,104.4,20.88,8.123
powdery_friable,10,oversize_to_pattern,50,strike_perpendicular,30,80,2.75,18.75,89.2,43.6,8.72,7.048
massive,50,<0.1m,10,strike_perpendicular,30,40,3.07,26.75,12.6,80.4,4.2,7.257
powdery_friable,10,0.1m_to_oversize,20,dip_out_of_face,20,40,2.98,24.5,29.0,206.5,9.67,5.05
massive,50,oversize_to_pattern,50,strike_perpendicular,30,80,3.06,26.5,58.8,118.5,23.7,10.812
massive,50,<0.1m,10,dip_out_of_face,20,30,3.01,25.25,74.4,151.1,30.22,8.128
massive,50,0.1m_to_oversize,20,dip_into_face,40,60,2.74,18.5,35.9,181.9,11.97,8.428
blocky_jointed,80,oversize_to_pattern,50,strike_perpendicular,30,80,3.15,28.75,51.2,227.0,45.4,14.049
powdery_friable,10,<0.1m,10,strike_perpendicular,30,40,3.12,28.0,89.4,219.4,43.88,7.313
powdery_friable,10,oversize_to_pattern,50,dip_out_of_face,20,70,2.45,11.25,66.9,210.6,42.12,8.002
